{"source":2,"revision":17,"description":null,"createdBy":{"displayName":"Stack Simplify","url":"https://spsprodsin1.vssps.visualstudio.com/A0e49ef12-3b12-4bce-8402-6d597dfcf044/_apis/Identities/3148445f-5326-6553-95f0-3b2b95341788","_links":{"avatar":{"href":"https://dev.azure.com/stacksimplify1/_apis/GraphProfile/MemberAvatars/msa.MzE0ODQ0NWYtNTMyNi03NTUzLTk1ZjAtM2IyYjk1MzQxNzg4"}},"id":"3148445f-5326-6553-95f0-3b2b95341788","uniqueName":"stacksimplify@gmail.com","imageUrl":"https://dev.azure.com/stacksimplify1/_apis/GraphProfile/MemberAvatars/msa.MzE0ODQ0NWYtNTMyNi03NTUzLTk1ZjAtM2IyYjk1MzQxNzg4","descriptor":"msa.MzE0ODQ0NWYtNTMyNi03NTUzLTk1ZjAtM2IyYjk1MzQxNzg4"},"createdOn":"2021-08-25T08:57:22.800Z","modifiedBy":{"displayName":"Stack Simplify","url":"https://spsprodsin1.vssps.visualstudio.com/A0e49ef12-3b12-4bce-8402-6d597dfcf044/_apis/Identities/3148445f-5326-6553-95f0-3b2b95341788","_links":{"avatar":{"href":"https://dev.azure.com/stacksimplify1/_apis/GraphProfile/MemberAvatars/msa.MzE0ODQ0NWYtNTMyNi03NTUzLTk1ZjAtM2IyYjk1MzQxNzg4"}},"id":"3148445f-5326-6553-95f0-3b2b95341788","uniqueName":"stacksimplify@gmail.com","imageUrl":"https://dev.azure.com/stacksimplify1/_apis/GraphProfile/MemberAvatars/msa.MzE0ODQ0NWYtNTMyNi03NTUzLTk1ZjAtM2IyYjk1MzQxNzg4","descriptor":"msa.MzE0ODQ0NWYtNTMyNi03NTUzLTk1ZjAtM2IyYjk1MzQxNzg4"},"modifiedOn":"2021-08-25T10:01:07.770Z","isDeleted":false,"lastRelease":{"id":7,"name":"Release-7","artifacts":[],"_links":{},"description":"Triggered by Terraform Continuous Integration CI Pipeline 20210825.9.","releaseDefinition":{"id":1,"projectReference":null,"_links":{}},"createdOn":"2021-08-25T10:29:34.117Z","createdBy":{"displayName":"Stack Simplify","url":"https://spsprodsin1.vssps.visualstudio.com/A0e49ef12-3b12-4bce-8402-6d597dfcf044/_apis/Identities/3148445f-5326-6553-95f0-3b2b95341788","_links":{"avatar":{"href":"https://dev.azure.com/stacksimplify1/_apis/GraphProfile/MemberAvatars/msa.MzE0ODQ0NWYtNTMyNi03NTUzLTk1ZjAtM2IyYjk1MzQxNzg4"}},"id":"3148445f-5326-6553-95f0-3b2b95341788","uniqueName":"stacksimplify@gmail.com","imageUrl":"https://dev.azure.com/stacksimplify1/_apis/GraphProfile/MemberAvatars/msa.MzE0ODQ0NWYtNTMyNi03NTUzLTk1ZjAtM2IyYjk1MzQxNzg4","descriptor":"msa.MzE0ODQ0NWYtNTMyNi03NTUzLTk1ZjAtM2IyYjk1MzQxNzg4"}},"variables":{},"variableGroups":[],"environments":[{"id":1,"name":"Dev","rank":1,"owner":{"displayName":"Stack Simplify","url":"https://spsprodsin1.vssps.visualstudio.com/A0e49ef12-3b12-4bce-8402-6d597dfcf044/_apis/Identities/3148445f-5326-6553-95f0-3b2b95341788","_links":{"avatar":{"href":"https://dev.azure.com/stacksimplify1/_apis/GraphProfile/MemberAvatars/msa.MzE0ODQ0NWYtNTMyNi03NTUzLTk1ZjAtM2IyYjk1MzQxNzg4"}},"id":"3148445f-5326-6553-95f0-3b2b95341788","uniqueName":"stacksimplify@gmail.com","imageUrl":"https://dev.azure.com/stacksimplify1/_apis/GraphProfile/MemberAvatars/msa.MzE0ODQ0NWYtNTMyNi03NTUzLTk1ZjAtM2IyYjk1MzQxNzg4","descriptor":"msa.MzE0ODQ0NWYtNTMyNi03NTUzLTk1ZjAtM2IyYjk1MzQxNzg4"},"variables":{},"variableGroups":[],"preDeployApprovals":{"approvals":[{"rank":1,"isAutomated":true,"isNotificationOn":false,"id":1}],"approvalOptions":{"requiredApproverCount":null,"releaseCreatorCanBeApprover":false,"autoTriggeredAndPreviousEnvironmentApprovedCanBeSkipped":false,"enforceIdentityRevalidation":false,"timeoutInMinutes":0,"executionOrder":1}},"deployStep":{"id":2},"postDeployApprovals":{"approvals":[{"rank":1,"isAutomated":true,"isNotificationOn":false,"id":3}],"approvalOptions":{"requiredApproverCount":null,"releaseCreatorCanBeApprover":false,"autoTriggeredAndPreviousEnvironmentApprovedCanBeSkipped":false,"enforceIdentityRevalidation":false,"timeoutInMinutes":0,"executionOrder":2}},"deployPhases":[{"deploymentInput":{"parallelExecution":{"parallelExecutionType":0},"agentSpecification":{"identifier":"ubuntu-20.04"},"skipArtifactsDownload":false,"artifactsDownloadInput":{"downloadInputs":[]},"queueId":54,"demands":[],"enableAccessToken":false,"timeoutInMinutes":0,"jobCancelTimeoutInMinutes":1,"condition":"succeeded()","overrideInputs":{}},"rank":1,"phaseType":1,"name":"Agent job","refName":null,"workflowTasks":[{"environment":{},"taskId":"a4789e5d-f6e8-431f-add9-379d640a883c","version":"0.*","name":"Install Terraform 1.0.5","refName":"","enabled":true,"alwaysRun":false,"continueOnError":false,"timeoutInMinutes":0,"definitionType":"task","overrideInputs":{},"condition":"succeeded()","inputs":{"terraformVersion":"1.0.5"}},{"environment":{},"taskId":"fe504acc-6115-40cb-89ff-191386b5e7bf","version":"2.*","name":"Terraform : Init","refName":"","enabled":true,"alwaysRun":false,"continueOnError":false,"timeoutInMinutes":0,"definitionType":"task","overrideInputs":{},"condition":"succeeded()","inputs":{"provider":"azurerm","command":"init","workingDirectory":"$(System.DefaultWorkingDirectory)/_Terraform Continuous Integration CI Pipeline/terraform-manifests","commandOptions":"","environmentServiceNameAzureRM":"","environmentServiceNameAWS":"","environmentServiceNameGCP":"","backendServiceArm":"6cf8a51b-70a0-4999-9be3-171f3dcca1b1","backendAzureRmResourceGroupName":"terraform-storage-rg","backendAzureRmStorageAccountName":"terraformstate201","backendAzureRmContainerName":"tfstatefiles","backendAzureRmKey":"dev-terraform.tfstate","backendServiceAWS":"","backendAWSBucketName":"","backendAWSKey":"","backendServiceGCP":"","backendGCPBucketName":"","backendGCPPrefix":""}},{"environment":{},"taskId":"fe504acc-6115-40cb-89ff-191386b5e7bf","version":"2.*","name":"Terraform : validate","refName":"","enabled":true,"alwaysRun":false,"continueOnError":false,"timeoutInMinutes":0,"definitionType":"task","overrideInputs":{},"condition":"succeeded()","inputs":{"provider":"azurerm","command":"validate","workingDirectory":"$(System.DefaultWorkingDirectory)/_Terraform Continuous Integration CI Pipeline/terraform-manifests","commandOptions":"","environmentServiceNameAzureRM":"","environmentServiceNameAWS":"","environmentServiceNameGCP":"","backendServiceArm":"","backendAzureRmResourceGroupName":"","backendAzureRmStorageAccountName":"","backendAzureRmContainerName":"","backendAzureRmKey":"","backendServiceAWS":"","backendAWSBucketName":"","backendAWSKey":"","backendServiceGCP":"","backendGCPBucketName":"","backendGCPPrefix":""}},{"environment":{},"taskId":"fe504acc-6115-40cb-89ff-191386b5e7bf","version":"2.*","name":"Terraform : plan","refName":"","enabled":true,"alwaysRun":false,"continueOnError":false,"timeoutInMinutes":0,"definitionType":"task","overrideInputs":{},"condition":"succeeded()","inputs":{"provider":"azurerm","command":"plan","workingDirectory":"$(System.DefaultWorkingDirectory)/_Terraform Continuous Integration CI Pipeline/terraform-manifests","commandOptions":"-var-file=dev.tfvars","environmentServiceNameAzureRM":"6cf8a51b-70a0-4999-9be3-171f3dcca1b1","environmentServiceNameAWS":"","environmentServiceNameGCP":"","backendServiceArm":"","backendAzureRmResourceGroupName":"","backendAzureRmStorageAccountName":"","backendAzureRmContainerName":"","backendAzureRmKey":"","backendServiceAWS":"","backendAWSBucketName":"","backendAWSKey":"","backendServiceGCP":"","backendGCPBucketName":"","backendGCPPrefix":""}},{"environment":{},"taskId":"fe504acc-6115-40cb-89ff-191386b5e7bf","version":"2.*","name":"Terraform : apply -auto-approve","refName":"","enabled":true,"alwaysRun":false,"continueOnError":false,"timeoutInMinutes":0,"definitionType":"task","overrideInputs":{},"condition":"succeeded()","inputs":{"provider":"azurerm","command":"apply","workingDirectory":"$(System.DefaultWorkingDirectory)/_Terraform Continuous Integration CI Pipeline/terraform-manifests","commandOptions":"-var-file=dev.tfvars -auto-approve","environmentServiceNameAzureRM":"6cf8a51b-70a0-4999-9be3-171f3dcca1b1","environmentServiceNameAWS":"","environmentServiceNameGCP":"","backendServiceArm":"","backendAzureRmResourceGroupName":"","backendAzureRmStorageAccountName":"","backendAzureRmContainerName":"","backendAzureRmKey":"","backendServiceAWS":"","backendAWSBucketName":"","backendAWSKey":"","backendServiceGCP":"","backendGCPBucketName":"","backendGCPPrefix":""}}]}],"environmentOptions":{"emailNotificationType":"OnlyOnFailure","emailRecipients":"release.environment.owner;release.creator","skipArtifactsDownload":false,"timeoutInMinutes":0,"enableAccessToken":false,"publishDeploymentStatus":true,"badgeEnabled":false,"autoLinkWorkItems":false,"pullRequestDeploymentEnabled":false},"demands":[],"conditions":[{"name":"ReleaseStarted","conditionType":1,"value":""}],"executionPolicy":{"concurrencyCount":1,"queueDepthCount":0},"schedules":[],"currentRelease":{"id":7,"url":"https://vsrm.dev.azure.com/stacksimplify1/9a3e7db9-9b55-405d-a8fa-49a65dd823f4/_apis/Release/releases/7","_links":{}},"retentionPolicy":{"daysToKeep":30,"releasesToKeep":3,"retainBuild":true},"processParameters":{},"properties":{"BoardsEnvironmentType":{"$type":"System.String","$value":"unmapped"},"LinkBoardsWorkItems":{"$type":"System.String","$value":"False"}},"preDeploymentGates":{"id":0,"gatesOptions":null,"gates":[]},"postDeploymentGates":{"id":0,"gatesOptions":null,"gates":[]},"environmentTriggers":[],"badgeUrl":"https://vsrm.dev.azure.com/stacksimplify1/_apis/public/Release/badge/9a3e7db9-9b55-405d-a8fa-49a65dd823f4/1/1"},{"id":2,"name":"QA","rank":2,"owner":{"displayName":"Stack Simplify","url":"https://spsprodsin1.vssps.visualstudio.com/A0e49ef12-3b12-4bce-8402-6d597dfcf044/_apis/Identities/3148445f-5326-6553-95f0-3b2b95341788","_links":{"avatar":{"href":"https://dev.azure.com/stacksimplify1/_apis/GraphProfile/MemberAvatars/msa.MzE0ODQ0NWYtNTMyNi03NTUzLTk1ZjAtM2IyYjk1MzQxNzg4"}},"id":"3148445f-5326-6553-95f0-3b2b95341788","uniqueName":"stacksimplify@gmail.com","imageUrl":"https://dev.azure.com/stacksimplify1/_apis/GraphProfile/MemberAvatars/msa.MzE0ODQ0NWYtNTMyNi03NTUzLTk1ZjAtM2IyYjk1MzQxNzg4","descriptor":"msa.MzE0ODQ0NWYtNTMyNi03NTUzLTk1ZjAtM2IyYjk1MzQxNzg4"},"variables":{},"variableGroups":[],"preDeployApprovals":{"approvals":[{"rank":1,"isAutomated":false,"isNotificationOn":false,"approver":{"displayName":"Stack Simplify","url":"https://spsprodsin1.vssps.visualstudio.com/A0e49ef12-3b12-4bce-8402-6d597dfcf044/_apis/Identities/3148445f-5326-6553-95f0-3b2b95341788","_links":{"avatar":{"href":"https://dev.azure.com/stacksimplify1/_apis/GraphProfile/MemberAvatars/msa.MzE0ODQ0NWYtNTMyNi03NTUzLTk1ZjAtM2IyYjk1MzQxNzg4"}},"id":"3148445f-5326-6553-95f0-3b2b95341788","uniqueName":"stacksimplify@gmail.com","imageUrl":"https://dev.azure.com/stacksimplify1/_apis/GraphProfile/MemberAvatars/msa.MzE0ODQ0NWYtNTMyNi03NTUzLTk1ZjAtM2IyYjk1MzQxNzg4","descriptor":"msa.MzE0ODQ0NWYtNTMyNi03NTUzLTk1ZjAtM2IyYjk1MzQxNzg4"},"id":13}],"approvalOptions":{"requiredApproverCount":null,"releaseCreatorCanBeApprover":true,"autoTriggeredAndPreviousEnvironmentApprovedCanBeSkipped":false,"enforceIdentityRevalidation":false,"timeoutInMinutes":0,"executionOrder":1}},"deployStep":{"id":5},"postDeployApprovals":{"approvals":[{"rank":1,"isAutomated":true,"isNotificationOn":false,"id":6}],"approvalOptions":{"requiredApproverCount":null,"releaseCreatorCanBeApprover":false,"autoTriggeredAndPreviousEnvironmentApprovedCanBeSkipped":false,"enforceIdentityRevalidation":false,"timeoutInMinutes":0,"executionOrder":2}},"deployPhases":[{"deploymentInput":{"parallelExecution":{"parallelExecutionType":0},"agentSpecification":{"identifier":"ubuntu-20.04"},"skipArtifactsDownload":false,"artifactsDownloadInput":{"downloadInputs":[]},"queueId":54,"demands":[],"enableAccessToken":false,"timeoutInMinutes":0,"jobCancelTimeoutInMinutes":1,"condition":"succeeded()","overrideInputs":{}},"rank":1,"phaseType":1,"name":"Agent job","refName":null,"workflowTasks":[{"environment":{},"taskId":"a4789e5d-f6e8-431f-add9-379d640a883c","version":"0.*","name":"Install Terraform 1.0.5","refName":"","enabled":true,"alwaysRun":false,"continueOnError":false,"timeoutInMinutes":0,"definitionType":"task","overrideInputs":{},"condition":"succeeded()","inputs":{"terraformVersion":"1.0.5"}},{"environment":{},"taskId":"fe504acc-6115-40cb-89ff-191386b5e7bf","version":"2.*","name":"Terraform : Init","refName":"","enabled":true,"alwaysRun":false,"continueOnError":false,"timeoutInMinutes":0,"definitionType":"task","overrideInputs":{},"condition":"succeeded()","inputs":{"provider":"azurerm","command":"init","workingDirectory":"$(System.DefaultWorkingDirectory)/_Terraform Continuous Integration CI Pipeline/terraform-manifests","commandOptions":"","environmentServiceNameAzureRM":"","environmentServiceNameAWS":"","environmentServiceNameGCP":"","backendServiceArm":"6cf8a51b-70a0-4999-9be3-171f3dcca1b1","backendAzureRmResourceGroupName":"terraform-storage-rg","backendAzureRmStorageAccountName":"terraformstate201","backendAzureRmContainerName":"tfstatefiles","backendAzureRmKey":"qa-terraform.tfstate","backendServiceAWS":"","backendAWSBucketName":"","backendAWSKey":"","backendServiceGCP":"","backendGCPBucketName":"","backendGCPPrefix":""}},{"environment":{},"taskId":"fe504acc-6115-40cb-89ff-191386b5e7bf","version":"2.*","name":"Terraform : validate","refName":"","enabled":true,"alwaysRun":false,"continueOnError":false,"timeoutInMinutes":0,"definitionType":"task","overrideInputs":{},"condition":"succeeded()","inputs":{"provider":"azurerm","command":"validate","workingDirectory":"$(System.DefaultWorkingDirectory)/_Terraform Continuous Integration CI Pipeline/terraform-manifests","commandOptions":"","environmentServiceNameAzureRM":"","environmentServiceNameAWS":"","environmentServiceNameGCP":"","backendServiceArm":"","backendAzureRmResourceGroupName":"","backendAzureRmStorageAccountName":"","backendAzureRmContainerName":"","backendAzureRmKey":"","backendServiceAWS":"","backendAWSBucketName":"","backendAWSKey":"","backendServiceGCP":"","backendGCPBucketName":"","backendGCPPrefix":""}},{"environment":{},"taskId":"fe504acc-6115-40cb-89ff-191386b5e7bf","version":"2.*","name":"Terraform : plan","refName":"","enabled":true,"alwaysRun":false,"continueOnError":false,"timeoutInMinutes":0,"definitionType":"task","overrideInputs":{},"condition":"succeeded()","inputs":{"provider":"azurerm","command":"plan","workingDirectory":"$(System.DefaultWorkingDirectory)/_Terraform Continuous Integration CI Pipeline/terraform-manifests","commandOptions":"-var-file=qa.tfvars","environmentServiceNameAzureRM":"6cf8a51b-70a0-4999-9be3-171f3dcca1b1","environmentServiceNameAWS":"","environmentServiceNameGCP":"","backendServiceArm":"","backendAzureRmResourceGroupName":"","backendAzureRmStorageAccountName":"","backendAzureRmContainerName":"","backendAzureRmKey":"","backendServiceAWS":"","backendAWSBucketName":"","backendAWSKey":"","backendServiceGCP":"","backendGCPBucketName":"","backendGCPPrefix":""}},{"environment":{},"taskId":"fe504acc-6115-40cb-89ff-191386b5e7bf","version":"2.*","name":"Terraform : apply -auto-approve","refName":"","enabled":true,"alwaysRun":false,"continueOnError":false,"timeoutInMinutes":0,"definitionType":"task","overrideInputs":{},"condition":"succeeded()","inputs":{"provider":"azurerm","command":"apply","workingDirectory":"$(System.DefaultWorkingDirectory)/_Terraform Continuous Integration CI Pipeline/terraform-manifests","commandOptions":"-var-file=qa.tfvars -auto-approve","environmentServiceNameAzureRM":"6cf8a51b-70a0-4999-9be3-171f3dcca1b1","environmentServiceNameAWS":"","environmentServiceNameGCP":"","backendServiceArm":"","backendAzureRmResourceGroupName":"","backendAzureRmStorageAccountName":"","backendAzureRmContainerName":"","backendAzureRmKey":"","backendServiceAWS":"","backendAWSBucketName":"","backendAWSKey":"","backendServiceGCP":"","backendGCPBucketName":"","backendGCPPrefix":""}}]}],"environmentOptions":{"emailNotificationType":"OnlyOnFailure","emailRecipients":"release.environment.owner;release.creator","skipArtifactsDownload":false,"timeoutInMinutes":0,"enableAccessToken":false,"publishDeploymentStatus":true,"badgeEnabled":false,"autoLinkWorkItems":false,"pullRequestDeploymentEnabled":false},"demands":[],"conditions":[{"name":"Dev","conditionType":2,"value":"4"}],"executionPolicy":{"concurrencyCount":1,"queueDepthCount":0},"schedules":[],"currentRelease":{"id":7,"url":"https://vsrm.dev.azure.com/stacksimplify1/9a3e7db9-9b55-405d-a8fa-49a65dd823f4/_apis/Release/releases/7","_links":{}},"retentionPolicy":{"daysToKeep":30,"releasesToKeep":3,"retainBuild":true},"processParameters":{},"properties":{"BoardsEnvironmentType":{"$type":"System.String","$value":"unmapped"},"LinkBoardsWorkItems":{"$type":"System.String","$value":"False"}},"preDeploymentGates":{"id":0,"gatesOptions":null,"gates":[]},"postDeploymentGates":{"id":0,"gatesOptions":null,"gates":[]},"environmentTriggers":[],"badgeUrl":"https://vsrm.dev.azure.com/stacksimplify1/_apis/public/Release/badge/9a3e7db9-9b55-405d-a8fa-49a65dd823f4/1/2"},{"id":3,"name":"Stage","rank":3,"owner":{"displayName":"Stack Simplify","url":"https://spsprodsin1.vssps.visualstudio.com/A0e49ef12-3b12-4bce-8402-6d597dfcf044/_apis/Identities/3148445f-5326-6553-95f0-3b2b95341788","_links":{"avatar":{"href":"https://dev.azure.com/stacksimplify1/_apis/GraphProfile/MemberAvatars/msa.MzE0ODQ0NWYtNTMyNi03NTUzLTk1ZjAtM2IyYjk1MzQxNzg4"}},"id":"3148445f-5326-6553-95f0-3b2b95341788","uniqueName":"stacksimplify@gmail.com","imageUrl":"https://dev.azure.com/stacksimplify1/_apis/GraphProfile/MemberAvatars/msa.MzE0ODQ0NWYtNTMyNi03NTUzLTk1ZjAtM2IyYjk1MzQxNzg4","descriptor":"msa.MzE0ODQ0NWYtNTMyNi03NTUzLTk1ZjAtM2IyYjk1MzQxNzg4"},"variables":{},"variableGroups":[],"preDeployApprovals":{"approvals":[{"rank":1,"isAutomated":false,"isNotificationOn":false,"approver":{"displayName":"Stack Simplify","url":"https://spsprodsin1.vssps.visualstudio.com/A0e49ef12-3b12-4bce-8402-6d597dfcf044/_apis/Identities/3148445f-5326-6553-95f0-3b2b95341788","_links":{"avatar":{"href":"https://dev.azure.com/stacksimplify1/_apis/GraphProfile/MemberAvatars/msa.MzE0ODQ0NWYtNTMyNi03NTUzLTk1ZjAtM2IyYjk1MzQxNzg4"}},"id":"3148445f-5326-6553-95f0-3b2b95341788","uniqueName":"stacksimplify@gmail.com","imageUrl":"https://dev.azure.com/stacksimplify1/_apis/GraphProfile/MemberAvatars/msa.MzE0ODQ0NWYtNTMyNi03NTUzLTk1ZjAtM2IyYjk1MzQxNzg4","descriptor":"msa.MzE0ODQ0NWYtNTMyNi03NTUzLTk1ZjAtM2IyYjk1MzQxNzg4"},"id":14}],"approvalOptions":{"requiredApproverCount":null,"releaseCreatorCanBeApprover":true,"autoTriggeredAndPreviousEnvironmentApprovedCanBeSkipped":false,"enforceIdentityRevalidation":false,"timeoutInMinutes":0,"executionOrder":1}},"deployStep":{"id":8},"postDeployApprovals":{"approvals":[{"rank":1,"isAutomated":false,"isNotificationOn":false,"approver":{"displayName":"Stack Simplify","url":"https://spsprodsin1.vssps.visualstudio.com/A0e49ef12-3b12-4bce-8402-6d597dfcf044/_apis/Identities/3148445f-5326-6553-95f0-3b2b95341788","_links":{"avatar":{"href":"https://dev.azure.com/stacksimplify1/_apis/GraphProfile/MemberAvatars/msa.MzE0ODQ0NWYtNTMyNi03NTUzLTk1ZjAtM2IyYjk1MzQxNzg4"}},"id":"3148445f-5326-6553-95f0-3b2b95341788","uniqueName":"stacksimplify@gmail.com","imageUrl":"https://dev.azure.com/stacksimplify1/_apis/GraphProfile/MemberAvatars/msa.MzE0ODQ0NWYtNTMyNi03NTUzLTk1ZjAtM2IyYjk1MzQxNzg4","descriptor":"msa.MzE0ODQ0NWYtNTMyNi03NTUzLTk1ZjAtM2IyYjk1MzQxNzg4"},"id":16}],"approvalOptions":{"requiredApproverCount":null,"releaseCreatorCanBeApprover":true,"autoTriggeredAndPreviousEnvironmentApprovedCanBeSkipped":false,"enforceIdentityRevalidation":false,"timeoutInMinutes":0,"executionOrder":2}},"deployPhases":[{"deploymentInput":{"parallelExecution":{"parallelExecutionType":0},"agentSpecification":{"identifier":"ubuntu-20.04"},"skipArtifactsDownload":false,"artifactsDownloadInput":{"downloadInputs":[]},"queueId":54,"demands":[],"enableAccessToken":false,"timeoutInMinutes":0,"jobCancelTimeoutInMinutes":1,"condition":"succeeded()","overrideInputs":{}},"rank":1,"phaseType":1,"name":"Agent job","refName":null,"workflowTasks":[{"environment":{},"taskId":"a4789e5d-f6e8-431f-add9-379d640a883c","version":"0.*","name":"Install Terraform 1.0.5","refName":"","enabled":true,"alwaysRun":false,"continueOnError":false,"timeoutInMinutes":0,"definitionType":"task","overrideInputs":{},"condition":"succeeded()","inputs":{"terraformVersion":"1.0.5"}},{"environment":{},"taskId":"fe504acc-6115-40cb-89ff-191386b5e7bf","version":"2.*","name":"Terraform : Init","refName":"","enabled":true,"alwaysRun":false,"continueOnError":false,"timeoutInMinutes":0,"definitionType":"task","overrideInputs":{},"condition":"succeeded()","inputs":{"provider":"azurerm","command":"init","workingDirectory":"$(System.DefaultWorkingDirectory)/_Terraform Continuous Integration CI Pipeline/terraform-manifests","commandOptions":"","environmentServiceNameAzureRM":"","environmentServiceNameAWS":"","environmentServiceNameGCP":"","backendServiceArm":"6cf8a51b-70a0-4999-9be3-171f3dcca1b1","backendAzureRmResourceGroupName":"terraform-storage-rg","backendAzureRmStorageAccountName":"terraformstate201","backendAzureRmContainerName":"tfstatefiles","backendAzureRmKey":"stage-terraform.tfstate","backendServiceAWS":"","backendAWSBucketName":"","backendAWSKey":"","backendServiceGCP":"","backendGCPBucketName":"","backendGCPPrefix":""}},{"environment":{},"taskId":"fe504acc-6115-40cb-89ff-191386b5e7bf","version":"2.*","name":"Terraform : validate","refName":"","enabled":true,"alwaysRun":false,"continueOnError":false,"timeoutInMinutes":0,"definitionType":"task","overrideInputs":{},"condition":"succeeded()","inputs":{"provider":"azurerm","command":"validate","workingDirectory":"$(System.DefaultWorkingDirectory)/_Terraform Continuous Integration CI Pipeline/terraform-manifests","commandOptions":"","environmentServiceNameAzureRM":"","environmentServiceNameAWS":"","environmentServiceNameGCP":"","backendServiceArm":"","backendAzureRmResourceGroupName":"","backendAzureRmStorageAccountName":"","backendAzureRmContainerName":"","backendAzureRmKey":"","backendServiceAWS":"","backendAWSBucketName":"","backendAWSKey":"","backendServiceGCP":"","backendGCPBucketName":"","backendGCPPrefix":""}},{"environment":{},"taskId":"fe504acc-6115-40cb-89ff-191386b5e7bf","version":"2.*","name":"Terraform : plan","refName":"","enabled":true,"alwaysRun":false,"continueOnError":false,"timeoutInMinutes":0,"definitionType":"task","overrideInputs":{},"condition":"succeeded()","inputs":{"provider":"azurerm","command":"plan","workingDirectory":"$(System.DefaultWorkingDirectory)/_Terraform Continuous Integration CI Pipeline/terraform-manifests","commandOptions":"-var-file=stage.tfvars","environmentServiceNameAzureRM":"6cf8a51b-70a0-4999-9be3-171f3dcca1b1","environmentServiceNameAWS":"","environmentServiceNameGCP":"","backendServiceArm":"","backendAzureRmResourceGroupName":"","backendAzureRmStorageAccountName":"","backendAzureRmContainerName":"","backendAzureRmKey":"","backendServiceAWS":"","backendAWSBucketName":"","backendAWSKey":"","backendServiceGCP":"","backendGCPBucketName":"","backendGCPPrefix":""}},{"environment":{},"taskId":"fe504acc-6115-40cb-89ff-191386b5e7bf","version":"2.*","name":"Terraform : apply -auto-approve","refName":"","enabled":true,"alwaysRun":false,"continueOnError":false,"timeoutInMinutes":0,"definitionType":"task","overrideInputs":{},"condition":"succeeded()","inputs":{"provider":"azurerm","command":"apply","workingDirectory":"$(System.DefaultWorkingDirectory)/_Terraform Continuous Integration CI Pipeline/terraform-manifests","commandOptions":"-var-file=stage.tfvars -auto-approve","environmentServiceNameAzureRM":"6cf8a51b-70a0-4999-9be3-171f3dcca1b1","environmentServiceNameAWS":"","environmentServiceNameGCP":"","backendServiceArm":"","backendAzureRmResourceGroupName":"","backendAzureRmStorageAccountName":"","backendAzureRmContainerName":"","backendAzureRmKey":"","backendServiceAWS":"","backendAWSBucketName":"","backendAWSKey":"","backendServiceGCP":"","backendGCPBucketName":"","backendGCPPrefix":""}}]}],"environmentOptions":{"emailNotificationType":"OnlyOnFailure","emailRecipients":"release.environment.owner;release.creator","skipArtifactsDownload":false,"timeoutInMinutes":0,"enableAccessToken":false,"publishDeploymentStatus":true,"badgeEnabled":false,"autoLinkWorkItems":false,"pullRequestDeploymentEnabled":false},"demands":[],"conditions":[{"name":"Dev","conditionType":2,"value":"4"}],"executionPolicy":{"concurrencyCount":1,"queueDepthCount":0},"schedules":[],"currentRelease":{"id":7,"url":"https://vsrm.dev.azure.com/stacksimplify1/9a3e7db9-9b55-405d-a8fa-49a65dd823f4/_apis/Release/releases/7","_links":{}},"retentionPolicy":{"daysToKeep":30,"releasesToKeep":3,"retainBuild":true},"processParameters":{},"properties":{"BoardsEnvironmentType":{"$type":"System.String","$value":"testing"},"LinkBoardsWorkItems":{"$type":"System.String","$value":"False"}},"preDeploymentGates":{"id":0,"gatesOptions":null,"gates":[]},"postDeploymentGates":{"id":0,"gatesOptions":null,"gates":[]},"environmentTriggers":[],"badgeUrl":"https://vsrm.dev.azure.com/stacksimplify1/_apis/public/Release/badge/9a3e7db9-9b55-405d-a8fa-49a65dd823f4/1/3"},{"id":4,"name":"Prod","rank":4,"owner":{"displayName":"Stack Simplify","url":"https://spsprodsin1.vssps.visualstudio.com/A0e49ef12-3b12-4bce-8402-6d597dfcf044/_apis/Identities/3148445f-5326-6553-95f0-3b2b95341788","_links":{"avatar":{"href":"https://dev.azure.com/stacksimplify1/_apis/GraphProfile/MemberAvatars/msa.MzE0ODQ0NWYtNTMyNi03NTUzLTk1ZjAtM2IyYjk1MzQxNzg4"}},"id":"3148445f-5326-6553-95f0-3b2b95341788","uniqueName":"stacksimplify@gmail.com","imageUrl":"https://dev.azure.com/stacksimplify1/_apis/GraphProfile/MemberAvatars/msa.MzE0ODQ0NWYtNTMyNi03NTUzLTk1ZjAtM2IyYjk1MzQxNzg4","descriptor":"msa.MzE0ODQ0NWYtNTMyNi03NTUzLTk1ZjAtM2IyYjk1MzQxNzg4"},"variables":{},"variableGroups":[],"preDeployApprovals":{"approvals":[{"rank":1,"isAutomated":false,"isNotificationOn":false,"approver":{"displayName":"Stack Simplify","url":"https://spsprodsin1.vssps.visualstudio.com/A0e49ef12-3b12-4bce-8402-6d597dfcf044/_apis/Identities/3148445f-5326-6553-95f0-3b2b95341788","_links":{"avatar":{"href":"https://dev.azure.com/stacksimplify1/_apis/GraphProfile/MemberAvatars/msa.MzE0ODQ0NWYtNTMyNi03NTUzLTk1ZjAtM2IyYjk1MzQxNzg4"}},"id":"3148445f-5326-6553-95f0-3b2b95341788","uniqueName":"stacksimplify@gmail.com","imageUrl":"https://dev.azure.com/stacksimplify1/_apis/GraphProfile/MemberAvatars/msa.MzE0ODQ0NWYtNTMyNi03NTUzLTk1ZjAtM2IyYjk1MzQxNzg4","descriptor":"msa.MzE0ODQ0NWYtNTMyNi03NTUzLTk1ZjAtM2IyYjk1MzQxNzg4"},"id":15}],"approvalOptions":{"requiredApproverCount":null,"releaseCreatorCanBeApprover":true,"autoTriggeredAndPreviousEnvironmentApprovedCanBeSkipped":false,"enforceIdentityRevalidation":false,"timeoutInMinutes":0,"executionOrder":1}},"deployStep":{"id":11},"postDeployApprovals":{"approvals":[{"rank":1,"isAutomated":true,"isNotificationOn":false,"id":12}],"approvalOptions":{"requiredApproverCount":null,"releaseCreatorCanBeApprover":false,"autoTriggeredAndPreviousEnvironmentApprovedCanBeSkipped":false,"enforceIdentityRevalidation":false,"timeoutInMinutes":0,"executionOrder":2}},"deployPhases":[{"deploymentInput":{"parallelExecution":{"parallelExecutionType":0},"agentSpecification":{"identifier":"ubuntu-20.04"},"skipArtifactsDownload":false,"artifactsDownloadInput":{"downloadInputs":[]},"queueId":54,"demands":[],"enableAccessToken":false,"timeoutInMinutes":0,"jobCancelTimeoutInMinutes":1,"condition":"succeeded()","overrideInputs":{}},"rank":1,"phaseType":1,"name":"Agent job","refName":null,"workflowTasks":[{"environment":{},"taskId":"a4789e5d-f6e8-431f-add9-379d640a883c","version":"0.*","name":"Install Terraform 1.0.5","refName":"","enabled":true,"alwaysRun":false,"continueOnError":false,"timeoutInMinutes":0,"definitionType":"task","overrideInputs":{},"condition":"succeeded()","inputs":{"terraformVersion":"1.0.5"}},{"environment":{},"taskId":"fe504acc-6115-40cb-89ff-191386b5e7bf","version":"2.*","name":"Terraform : Init","refName":"","enabled":true,"alwaysRun":false,"continueOnError":false,"timeoutInMinutes":0,"definitionType":"task","overrideInputs":{},"condition":"succeeded()","inputs":{"provider":"azurerm","command":"init","workingDirectory":"$(System.DefaultWorkingDirectory)/_Terraform Continuous Integration CI Pipeline/terraform-manifests","commandOptions":"","environmentServiceNameAzureRM":"","environmentServiceNameAWS":"","environmentServiceNameGCP":"","backendServiceArm":"6cf8a51b-70a0-4999-9be3-171f3dcca1b1","backendAzureRmResourceGroupName":"terraform-storage-rg","backendAzureRmStorageAccountName":"terraformstate201","backendAzureRmContainerName":"tfstatefiles","backendAzureRmKey":"prod-terraform.tfstate","backendServiceAWS":"","backendAWSBucketName":"","backendAWSKey":"","backendServiceGCP":"","backendGCPBucketName":"","backendGCPPrefix":""}},{"environment":{},"taskId":"fe504acc-6115-40cb-89ff-191386b5e7bf","version":"2.*","name":"Terraform : validate","refName":"","enabled":true,"alwaysRun":false,"continueOnError":false,"timeoutInMinutes":0,"definitionType":"task","overrideInputs":{},"condition":"succeeded()","inputs":{"provider":"azurerm","command":"validate","workingDirectory":"$(System.DefaultWorkingDirectory)/_Terraform Continuous Integration CI Pipeline/terraform-manifests","commandOptions":"","environmentServiceNameAzureRM":"","environmentServiceNameAWS":"","environmentServiceNameGCP":"","backendServiceArm":"","backendAzureRmResourceGroupName":"","backendAzureRmStorageAccountName":"","backendAzureRmContainerName":"","backendAzureRmKey":"","backendServiceAWS":"","backendAWSBucketName":"","backendAWSKey":"","backendServiceGCP":"","backendGCPBucketName":"","backendGCPPrefix":""}},{"environment":{},"taskId":"fe504acc-6115-40cb-89ff-191386b5e7bf","version":"2.*","name":"Terraform : plan","refName":"","enabled":true,"alwaysRun":false,"continueOnError":false,"timeoutInMinutes":0,"definitionType":"task","overrideInputs":{},"condition":"succeeded()","inputs":{"provider":"azurerm","command":"plan","workingDirectory":"$(System.DefaultWorkingDirectory)/_Terraform Continuous Integration CI Pipeline/terraform-manifests","commandOptions":"-var-file=prod.tfvars","environmentServiceNameAzureRM":"6cf8a51b-70a0-4999-9be3-171f3dcca1b1","environmentServiceNameAWS":"","environmentServiceNameGCP":"","backendServiceArm":"","backendAzureRmResourceGroupName":"","backendAzureRmStorageAccountName":"","backendAzureRmContainerName":"","backendAzureRmKey":"","backendServiceAWS":"","backendAWSBucketName":"","backendAWSKey":"","backendServiceGCP":"","backendGCPBucketName":"","backendGCPPrefix":""}},{"environment":{},"taskId":"fe504acc-6115-40cb-89ff-191386b5e7bf","version":"2.*","name":"Terraform : apply -auto-approve","refName":"","enabled":true,"alwaysRun":false,"continueOnError":false,"timeoutInMinutes":0,"definitionType":"task","overrideInputs":{},"condition":"succeeded()","inputs":{"provider":"azurerm","command":"apply","workingDirectory":"$(System.DefaultWorkingDirectory)/_Terraform Continuous Integration CI Pipeline/terraform-manifests","commandOptions":"-var-file=prod.tfvars -auto-approve","environmentServiceNameAzureRM":"6cf8a51b-70a0-4999-9be3-171f3dcca1b1","environmentServiceNameAWS":"","environmentServiceNameGCP":"","backendServiceArm":"","backendAzureRmResourceGroupName":"","backendAzureRmStorageAccountName":"","backendAzureRmContainerName":"","backendAzureRmKey":"","backendServiceAWS":"","backendAWSBucketName":"","backendAWSKey":"","backendServiceGCP":"","backendGCPBucketName":"","backendGCPPrefix":""}}]}],"environmentOptions":{"emailNotificationType":"OnlyOnFailure","emailRecipients":"release.environment.owner;release.creator","skipArtifactsDownload":false,"timeoutInMinutes":0,"enableAccessToken":false,"publishDeploymentStatus":true,"badgeEnabled":false,"autoLinkWorkItems":false,"pullRequestDeploymentEnabled":false},"demands":[],"conditions":[{"name":"Stage","conditionType":2,"value":"4"}],"executionPolicy":{"concurrencyCount":1,"queueDepthCount":0},"schedules":[],"currentRelease":{"id":7,"url":"https://vsrm.dev.azure.com/stacksimplify1/9a3e7db9-9b55-405d-a8fa-49a65dd823f4/_apis/Release/releases/7","_links":{}},"retentionPolicy":{"daysToKeep":30,"releasesToKeep":3,"retainBuild":true},"processParameters":{},"properties":{"BoardsEnvironmentType":{"$type":"System.String","$value":"unmapped"},"LinkBoardsWorkItems":{"$type":"System.String","$value":"False"}},"preDeploymentGates":{"id":0,"gatesOptions":null,"gates":[]},"postDeploymentGates":{"id":0,"gatesOptions":null,"gates":[]},"environmentTriggers":[],"badgeUrl":"https://vsrm.dev.azure.com/stacksimplify1/_apis/public/Release/badge/9a3e7db9-9b55-405d-a8fa-49a65dd823f4/1/4"}],"artifacts":[{"sourceId":"9a3e7db9-9b55-405d-a8fa-49a65dd823f4:7","type":"Build","alias":"_Terraform Continuous Integration CI Pipeline","definitionReference":{"artifactSourceDefinitionUrl":{"id":"https://dev.azure.com/stacksimplify1/_permalink/_build/index?collectionId=457d86fd-6242-404a-af3c-c96b162f2dc2&projectId=9a3e7db9-9b55-405d-a8fa-49a65dd823f4&definitionId=7","name":""},"defaultVersionBranch":{"id":"","name":""},"defaultVersionSpecific":{"id":"","name":""},"defaultVersionTags":{"id":"","name":""},"defaultVersionType":{"id":"latestType","name":"Latest"},"definition":{"id":"7","name":"Terraform Continuous Integration CI Pipeline"},"definitions":{"id":"","name":""},"IsMultiDefinitionType":{"id":"False","name":"False"},"project":{"id":"9a3e7db9-9b55-405d-a8fa-49a65dd823f4","name":"terraform-on-azure-with-azure-devops-internal"},"repository":{"id":"","name":""}},"isPrimary":true,"isRetained":false}],"triggers":[{"artifactAlias":"_Terraform Continuous Integration CI Pipeline","triggerConditions":[],"triggerType":1}],"releaseNameFormat":"Release-$(rev:r)","tags":[],"properties":{"DefinitionCreationSource":{"$type":"System.String","$value":"ReleaseNew"},"IntegrateBoardsWorkItems":{"$type":"System.String","$value":"False"},"IntegrateJiraWorkItems":{"$type":"System.String","$value":"false"}},"id":1,"name":"Terraform-CD","path":"\\","projectReference":null,"url":"https://vsrm.dev.azure.com/stacksimplify1/9a3e7db9-9b55-405d-a8fa-49a65dd823f4/_apis/Release/definitions/1","_links":{"self":{"href":"https://vsrm.dev.azure.com/stacksimplify1/9a3e7db9-9b55-405d-a8fa-49a65dd823f4/_apis/Release/definitions/1"},"web":{"href":"https://dev.azure.com/stacksimplify1/9a3e7db9-9b55-405d-a8fa-49a65dd823f4/_release?definitionId=1"}}}